[
    {
        "nombre_usuario": "juan.perez",
        "clave": "1234",
        "nombre": "Juan",
        "apellido": "Perez",
        "fecha_nacimiento": "1980-05-15",
        "tipo": "medico"
    },
    {
        "nombre_usuario": "ana.gomez",
        "clave": "abcd",
        "nombre": "Ana",
        "apellido": "Gomez",
        "fecha_nacimiento": "1995-10-20",
        "tipo": "paciente"
    },
    {
        "nombre_usuario": "dr.house",
        "clave": "lupus",
        "nombre": "Gregory",
        "apellido": "House",
        "fecha_nacimiento": "1959-06-11",
        "tipo": "medico"
    },
    {
        "nombre_usuario": "admin1",
        "clave": "admin123",
        "nombre": "Raul",
        "apellido": "Rivera",
        "fecha_nacimiento": "1997-09-17",
        "tipo": "administrador"
    }
]
